model,mode,cost_usd_per_oz,n_trades,candidate_signals,signals_skipped_while_in_trade,gross_compound_return,net_compound_return,max_drawdown_at_trade_exits,win_rate,profit_factor,trade_sharpe_annualized_approx,cagr_approx
LogisticRegression,long_only,0.0,594,2807,2213,0.32195813759159786,0.32195813759159786,-0.437956563217033,0.5303030303030303,1.0921787418617503,0.23553714519930097,0.018595951626815932
LogisticRegression,long_only,0.25,594,2807,2213,0.32195813759159786,0.19348854753943256,-0.460285597746539,0.5269360269360269,1.0680807765803422,0.17588756785831958,0.011744854893110945
LogisticRegression,long_only,0.5,594,2807,2213,0.32195813759159786,0.07748408785568595,-0.48173146143066514,0.5252525252525253,1.044500869704424,0.1162345024448337,0.004938625304282018
LogisticRegression,long_only,1.0,594,2807,2213,0.32195813759159786,-0.12184285362360225,-0.5304751778128243,0.5235690235690236,0.9988459627456432,-0.0030801110604449667,-0.008540374243480198
LogisticRegression,long_short,0.0,797,3985,3188,-0.5474913067526888,-0.5474913067526888,-0.7141856748280553,0.4918444165621079,0.9190057029848977,-0.2214473862836979,-0.050474247230297586
LogisticRegression,long_short,0.25,797,3985,3188,-0.5474913067526888,-0.6002286035223209,-0.74658211764145,0.4880803011292346,0.9024730380531887,-0.2690011360520221,-0.05812834860046201
LogisticRegression,long_short,0.5,797,3985,3188,-0.5474913067526888,-0.6468270526628876,-0.7753110999017963,0.48557089084065247,0.8862309636968159,-0.3165687501968405,-0.06572202602067734
LogisticRegression,long_short,1.0,797,3985,3188,-0.5474913067526888,-0.7243794417191586,-0.8233784819215034,0.479297365119197,0.854586981260518,-0.4117434240061729,-0.08072997330582221
ExtraTreesClassifier,long_only,0.0,433,2008,1575,0.41662868137104225,0.41662868137104225,-0.404569476657893,0.5334872979214781,1.1317315782874675,0.32211289978479,0.02326158719464222
ExtraTreesClassifier,long_only,0.25,433,2008,1575,0.41662868137104225,0.31161854039740255,-0.42667306510493397,0.5242494226327945,1.109300602738537,0.269954236492382,0.01807139913378708
ExtraTreesClassifier,long_only,0.5,433,2008,1575,0.41662868137104225,0.21437514903228183,-0.44796007725395937,0.5219399538106235,1.0872981134417665,0.217793526078115,0.01290658317607618
ExtraTreesClassifier,long_only,1.0,433,2008,1575,0.41662868137104225,0.04093816791219407,-0.48820335759640543,0.5127020785219399,1.0445780550186925,0.1134673310238314,0.002652590602660432
ExtraTreesClassifier,long_short,0.0,797,3985,3188,-0.6258112716599356,-0.6258112716599356,-0.747393457949437,0.47176913425345046,0.8938101541493676,-0.29430715567795723,-0.06218803639569026
ExtraTreesClassifier,long_short,0.25,797,3985,3188,-0.6258112716599356,-0.6694347119335518,-0.7755765933679659,0.46925972396486826,0.8777517298552704,-0.34188037557273765,-0.06975026570588905
ExtraTreesClassifier,long_short,0.5,797,3985,3188,-0.6258112716599356,-0.7079785794872582,-0.8006193869668125,0.46925972396486826,0.8619810214355492,-0.3894644597957878,-0.07725277621019722
ExtraTreesClassifier,long_short,1.0,797,3985,3188,-0.6258112716599356,-0.7721220167539902,-0.8426429782865661,0.4617314930991217,0.8312778124453476,-0.48466305777344376,-0.09208048395819224
SVC,long_only,0.0,797,3985,3188,1.5603571191380143,1.5603571191380143,-0.4595898312008668,0.5357590966122961,1.1847062031637032,0.4442414325038143,0.06333172680503774
SVC,long_only,0.25,797,3985,3188,1.5603571191380143,1.2623469084839347,-0.4809130065736321,0.533249686323714,1.1634026171581329,0.3966313977176067,0.05477195604508078
SVC,long_only,0.5,797,3985,3188,1.5603571191380143,0.9989815861609024,-0.5013985644955365,0.5307402760351317,1.142477607090471,0.3490269914377408,0.04627966502161329
SVC,long_only,1.0,797,3985,3188,1.5603571191380143,0.5605611106801269,-0.5450963678884903,0.5257214554579673,1.101751362694746,0.2538372464727298,0.02949544312636254
SVC,long_short,0.0,797,3985,3188,1.5603571191380143,1.5603571191380143,-0.4595898312008668,0.5357590966122961,1.1847062031637032,0.4442414325038143,0.06333172680503774
SVC,long_short,0.25,797,3985,3188,1.5603571191380143,1.2623469084839347,-0.4809130065736321,0.533249686323714,1.1634026171581329,0.3966313977176067,0.05477195604508078
SVC,long_short,0.5,797,3985,3188,1.5603571191380143,0.9989815861609024,-0.5013985644955365,0.5307402760351317,1.142477607090471,0.3490269914377408,0.04627966502161329
SVC,long_short,1.0,797,3985,3188,1.5603571191380143,0.5605611106801269,-0.5450963678884903,0.5257214554579673,1.101751362694746,0.2538372464727298,0.02949544312636254
Ensemble_RankEqual,long_only,0.0,284,1309,1025,-0.16974077638740892,-0.16974077638740892,-0.3753552045690617,0.49295774647887325,0.9581394023950185,-0.11626833503152252,-0.012250688332519188
Ensemble_RankEqual,long_only,0.25,284,1309,1025,-0.16974077638740892,-0.2114157952282366,-0.3979367694053868,0.49295774647887325,0.9388507856608105,-0.1715673805657913,-0.01561567897459204
Ensemble_RankEqual,long_only,0.5,284,1309,1025,-0.16974077638740892,-0.2510061528996712,-0.4197059574478992,0.4894366197183099,0.9199499497602998,-0.22686889449581557,-0.018969833033050443
Ensemble_RankEqual,long_only,1.0,284,1309,1025,-0.16974077638740892,-0.32434339123831235,-0.46654586671011655,0.4823943661971831,0.883278762640628,-0.33747801235974206,-0.02564576284061415
Ensemble_RankEqual,long_short,0.0,797,3985,3188,-0.7915284505199859,-0.7915284505199859,-0.8710990942903478,0.45294855708908405,0.8200951906450702,-0.5197468115519067,-0.09734352072537233
Ensemble_RankEqual,long_short,0.25,797,3985,3188,-0.7915284505199859,-0.8158530373146622,-0.8857576794893247,0.4491844416562108,0.8053651289030398,-0.5674075777690133,-0.10462883580129945
Ensemble_RankEqual,long_short,0.5,797,3985,3188,-0.7915284505199859,-0.837342825894684,-0.8987513785489846,0.4479297365119197,0.7909090865257865,-0.615073628875965,-0.11185656720048454
Ensemble_RankEqual,long_short,1.0,797,3985,3188,-0.7915284505199859,-0.8730995309552283,-0.9204781493076873,0.44040150564617314,0.7627995020602261,-0.71041939412978,-0.12614105781175378
Ensemble_HardVote_5,long_only,0.0,488,2243,1755,0.39939596639091923,0.39939596639091923,-0.40433273408487336,0.5389344262295082,1.1178962350958193,0.28957670146949993,0.022207721627525157
Ensemble_HardVote_5,long_only,0.25,488,2243,1755,0.39939596639091923,0.28583948016893723,-0.42699588176415426,0.5327868852459017,1.0960005825349133,0.2380972221386385,0.016568865336514138
Ensemble_HardVote_5,long_only,0.5,488,2243,1755,0.39939596639091923,0.18147956804832965,-0.4488008066448087,0.5307377049180327,1.0745126478658455,0.18661375719819753,0.010960098727625267
Ensemble_HardVote_5,long_only,1.0,488,2243,1755,0.39939596639091923,-0.0025638882945007158,-0.4899641623588471,0.5163934426229508,1.032749522773666,0.08363641545842757,-0.00016778526842198271
Ensemble_HardVote_5,long_short,0.0,797,3985,3188,-0.7278669274605701,-0.7278669274605701,-0.7837228694583284,0.4629861982434128,0.8529483418890295,-0.41690399158440905,-0.08149424645976511
Ensemble_HardVote_5,long_short,0.25,797,3985,3188,-0.7278669274605701,-0.7595990032638603,-0.8078564690187999,0.4604767879548306,0.8376036456899788,-0.4645589978643519,-0.08890238689682595
Ensemble_HardVote_5,long_short,0.5,797,3985,3188,-0.7278669274605701,-0.7876354036888881,-0.8293005374650856,0.4604767879548306,0.8225331216933037,-0.5122295162611605,-0.09625201255745042
Ensemble_HardVote_5,long_short,1.0,797,3985,3188,-0.7278669274605701,-0.8342908272980072,-0.8652841897982635,0.45294855708908405,0.7931901270566125,-0.6076149417650604,-0.11077752594770085
ARX_Ridge,long_only,0.0,432,1850,1418,0.1177444169858668,0.1177444169858668,-0.38948187038285476,0.5324074074074074,1.0644255255083843,0.16226271369493697,0.0073966206610205365
ARX_Ridge,long_only,0.25,432,1850,1418,0.1177444169858668,0.035192650524949576,-0.40945626684729086,0.5300925925925926,1.0412347070537435,0.10497068562483582,0.002292473422266905
ARX_Ridge,long_only,0.5,432,1850,1418,0.1177444169858668,-0.04127572207882391,-0.4287807584967569,0.5277777777777778,1.0185292504238461,0.04767583946718395,-0.0027867439615991696
ARX_Ridge,long_only,1.0,432,1850,1418,0.1177444169858668,-0.17771866964744798,-0.4655634656510045,0.5162037037037037,0.9745391964922123,-0.06692074858645947,-0.012870857524147739
ARX_Ridge,long_short,0.0,797,3985,3188,-0.5664288649522113,-0.5664288649522113,-0.715047165946291,0.4880803011292346,0.9133147270490998,-0.23772973672100792,-0.05312195996082547
ARX_Ridge,long_short,0.25,797,3985,3188,-0.5664288649522113,-0.6169669916164982,-0.747018638074554,0.48557089084065247,0.896884838797541,-0.2852803964238671,-0.06075598249013214
ARX_Ridge,long_short,0.5,797,3985,3188,-0.5664288649522113,-0.6616213452053423,-0.7754075011862951,0.48306148055207027,0.8807445315795486,-0.33284178821386406,-0.06832972975383333
ARX_Ridge,long_short,1.0,797,3985,3188,-0.5664288649522113,-0.7359359883709741,-0.8229963581704866,0.4767879548306148,0.8493040243887531,-0.42799460620011637,-0.08329825848913563
AlwaysLong,long_only,0.0,797,3985,3188,1.5603571191380143,1.5603571191380143,-0.4595898312008668,0.5357590966122961,1.1847062031637032,0.4442414325038143,0.06333172680503774
AlwaysLong,long_only,0.25,797,3985,3188,1.5603571191380143,1.2623469084839347,-0.4809130065736321,0.533249686323714,1.1634026171581329,0.3966313977176067,0.05477195604508078
AlwaysLong,long_only,0.5,797,3985,3188,1.5603571191380143,0.9989815861609024,-0.5013985644955365,0.5307402760351317,1.142477607090471,0.3490269914377408,0.04627966502161329
AlwaysLong,long_only,1.0,797,3985,3188,1.5603571191380143,0.5605611106801269,-0.5450963678884903,0.5257214554579673,1.101751362694746,0.2538372464727298,0.02949544312636254
