model,folds,mean_auc,std_auc,min_auc,folds_above_05,mean_accuracy,mean_balanced_accuracy,mean_probability_auc,mean_brier,mean_log_loss
LogisticRegression,5,0.5320187516406583,0.04427710528071341,0.4949345770177484,4,0.4933500627352572,0.5055470244008424,0.4711255587782138,0.25829249861385234,0.710867370381531
ExtraTreesClassifier,5,0.5304754031369472,0.03715600533756748,0.49872520117918895,4,0.4855708908406524,0.5104849688672599,0.48630190143151986,0.25408402021068,0.7016018475944503
SVC,5,0.5324553921243492,0.05463726425274851,0.4684674180593341,4,0.5370138017565872,0.5,0.5324553921243492,0.25292697939170117,0.6992021589138299
AR_Logistic,5,0.4955566790834357,0.02985142814912542,0.4692194850523547,2,0.5360100376411543,0.499049840136928,0.4955566790834357,0.250963151313198,0.6951611994383918
MLP,5,0.515792669646961,0.0249342085343214,0.4794447595638747,4,0.49058971141781677,0.5156724675289872,0.515792669646961,0.4204212712313836,2.9727100396709796
Ensemble_HardVote,5,0.5130448517969931,0.0345842250458417,0.4753704884072982,4,0.495357590966123,0.5016722687455547,,,
Ensemble_SoftEqual,5,0.47783468877112634,0.05603370141078755,0.38307868650098875,2,0.5164366373902134,0.5017495789610054,0.47783468877112634,0.25471939914486014,0.7029981297106176
Ensemble_RankEqual,5,0.5365337092526874,0.0529596854114707,0.4909236979789128,3,0.4687578419071518,0.5066594882617814,,,
AlwaysUp,5,,,,0,0.5370138017565872,0.5,,,
