model,mode,cost_usd_per_oz,n_trades,candidate_signals,signals_skipped_while_in_trade,gross_compound_return,net_compound_return,max_drawdown_at_trade_exits,win_rate,profit_factor,trade_sharpe_annualized_approx,cagr_approx,filter,matched_always_long_net_return,matched_always_long_max_drawdown,matched_always_long_n_trades,delta_net_return_vs_matched_always_long
AlwaysLong,long_only,0.0,797,3985,3188,1.5603571191380143,1.5603571191380143,-0.4595898312008668,0.5357590966122961,1.1847062031637032,0.4442414325038143,0.06333172680503774,no_filter,1.5603571191380143,-0.4595898312008668,797,0.0
AlwaysLong,long_only,0.5,797,3985,3188,1.5603571191380143,0.9989815861609024,-0.5013985644955365,0.5307402760351317,1.142477607090471,0.3490269914377408,0.04627966502161329,no_filter,0.9989815861609024,-0.5013985644955365,797,0.0
AlwaysLong,long_only,1.0,797,3985,3188,1.5603571191380143,0.5605611106801269,-0.5450963678884903,0.5257214554579673,1.101751362694746,0.2538372464727298,0.02949544312636254,no_filter,0.5605611106801269,-0.5450963678884903,797,0.0
AlwaysLong,long_only,0.0,453,2126,1673,0.6738676775025816,0.6738676775025816,-0.2487911823440142,0.5386313465783664,1.1673059551398908,0.40303150427627393,0.03421941421262065,skip_low_volatility,0.6738676775025816,-0.2487911823440142,453,0.0
AlwaysLong,long_only,0.5,453,2126,1673,0.6738676775025816,0.47562208770955827,-0.25515322187282896,0.5364238410596026,1.133819999739704,0.32704823575048153,0.02573900211800728,skip_low_volatility,0.47562208770955827,-0.25515322187282896,453,0.0
AlwaysLong,long_only,1.0,453,2126,1673,0.6738676775025816,0.3008051899112214,-0.27820344395995156,0.5342163355408388,1.1012749009508322,0.25106526546791247,0.017325540527434624,skip_low_volatility,0.3008051899112214,-0.27820344395995156,453,0.0
AlwaysLong,long_only,0.0,472,2107,1635,0.7878870905747557,0.7878870905747557,-0.38838059907572164,0.5233050847457628,1.1901632748523616,0.4678303771805128,0.03865936161230632,bull_trend_sma50,0.7878870905747557,-0.38838059907572164,472,0.0
AlwaysLong,long_only,0.5,472,2107,1635,0.7878870905747557,0.5543196804846646,-0.4086552297696072,0.5211864406779662,1.1494166362757299,0.37429364641466106,0.02921010452680317,bull_trend_sma50,0.5543196804846646,-0.4086552297696072,472,0.0
AlwaysLong,long_only,1.0,472,2107,1635,0.7878870905747557,0.3512037122502216,-0.4373414348097253,0.5148305084745762,1.1101027978860776,0.2807992869445849,0.019843781253620518,bull_trend_sma50,0.3512037122502216,-0.4373414348097253,472,0.0
AlwaysLong,long_only,0.0,501,2129,1628,0.3905462870122116,0.3905462870122116,-0.4681780476081956,0.5269461077844312,1.1117383278256572,0.2802560852656637,0.02182341190003556,positive_momentum_20d,0.3905462870122116,-0.4681780476081956,501,0.0
AlwaysLong,long_only,0.5,501,2129,1628,0.3905462870122116,0.19698072095284958,-0.50746595491523,0.5249500998003992,1.0751841460366718,0.19173665766824138,0.011843119360197552,positive_momentum_20d,0.19698072095284958,-0.50746595491523,501,0.0
AlwaysLong,long_only,1.0,501,2129,1628,0.3905462870122116,0.030309112547190376,-0.5456450659829394,0.5229540918163673,1.0398338081860015,0.10326299896933853,0.0019570848767702653,positive_momentum_20d,0.030309112547190376,-0.5456450659829394,501,0.0
LogisticRegression,long_only,0.0,594,2807,2213,0.32195813759159786,0.32195813759159786,-0.437956563217033,0.5303030303030303,1.0921787418617503,0.23553714519930097,0.018595951626815932,no_filter,1.5603571191380143,-0.4595898312008668,797,-1.2383989815464165
LogisticRegression,long_only,0.5,594,2807,2213,0.32195813759159786,0.07748408785568595,-0.48173146143066514,0.5252525252525253,1.044500869704424,0.1162345024448337,0.004938625304282018,no_filter,0.9989815861609024,-0.5013985644955365,797,-0.9214974983052164
LogisticRegression,long_only,1.0,594,2807,2213,0.32195813759159786,-0.12184285362360225,-0.5304751778128243,0.5235690235690236,0.9988459627456432,-0.0030801110604449667,-0.008540374243480198,no_filter,0.5605611106801269,-0.5450963678884903,797,-0.6824039643037292
LogisticRegression,long_only,0.0,292,1289,997,0.602815956110885,0.602815956110885,-0.23197512657078168,0.5821917808219178,1.2463337401407377,0.5808040086947037,0.031632433557168715,skip_low_volatility,0.6738676775025816,-0.2487911823440142,453,-0.07105172139169658
LogisticRegression,long_only,0.5,292,1289,997,0.602815956110885,0.46031987924982154,-0.24452292626053074,0.5821917808219178,1.2009850648780676,0.4822436832966715,0.025311214951819982,skip_low_volatility,0.47562208770955827,-0.25515322187282896,453,-0.015302208459736732
LogisticRegression,long_only,1.0,292,1289,997,0.602815956110885,0.3304506532277409,-0.2568696385451358,0.5821917808219178,1.157176846509739,0.38366695196459255,0.01902662762902141,skip_low_volatility,0.3008051899112214,-0.27820344395995156,453,0.029645463316519516
LogisticRegression,long_only,0.0,309,1270,961,0.030275969855859453,0.030275969855859453,-0.35653396813239924,0.4919093851132686,1.0384167273242795,0.10443046395614936,0.002283634001767787,bull_trend_sma50,0.7878870905747557,-0.38838059907572164,472,-0.7576111207188962
LogisticRegression,long_only,0.5,309,1270,961,0.030275969855859453,-0.07345252743029063,-0.37750711789062863,0.4886731391585761,0.9932655217792502,-0.018729765098040422,-0.0058173768507165935,bull_trend_sma50,0.5543196804846646,-0.4086552297696072,472,-0.6277722079149552
LogisticRegression,long_only,1.0,309,1270,961,0.030275969855859453,-0.16676895084710763,-0.41097244224778084,0.4854368932038835,0.9501095696113594,-0.14190200361115232,-0.013855747659703654,bull_trend_sma50,0.3512037122502216,-0.4373414348097253,472,-0.5179726630973293
LogisticRegression,long_only,0.0,336,1345,1009,-0.13525794778917055,-0.13525794778917055,-0.4720543516762359,0.5119047619047619,0.9762506106425527,-0.06473634972087602,-0.009566335329566744,positive_momentum_20d,0.3905462870122116,-0.4681780476081956,501,-0.5258042348013822
LogisticRegression,long_only,0.5,336,1345,1009,-0.13525794778917055,-0.22950437701555237,-0.5107235733452009,0.5089285714285714,0.9362792186828324,-0.1772086258469962,-0.017097434922816568,positive_momentum_20d,0.19698072095284958,-0.50746595491523,501,-0.42648509796840195
LogisticRegression,long_only,1.0,336,1345,1009,-0.13525794778917055,-0.3135072061247053,-0.5465736712054601,0.5059523809523809,0.8978699368894727,-0.28967779949502975,-0.02457391212343296,positive_momentum_20d,0.030309112547190376,-0.5456450659829394,501,-0.34381631867189566
ExtraTreesClassifier,long_only,0.0,433,2008,1575,0.41662868137104225,0.41662868137104225,-0.404569476657893,0.5334872979214781,1.1317315782874675,0.32211289978479,0.02326158719464222,no_filter,1.5603571191380143,-0.4595898312008668,797,-1.143728437766972
ExtraTreesClassifier,long_only,0.5,433,2008,1575,0.41662868137104225,0.21437514903228183,-0.44796007725395937,0.5219399538106235,1.0872981134417665,0.217793526078115,0.01290658317607618,no_filter,0.9989815861609024,-0.5013985644955365,797,-0.7846064371286205
ExtraTreesClassifier,long_only,1.0,433,2008,1575,0.41662868137104225,0.04093816791219407,-0.48820335759640543,0.5127020785219399,1.0445780550186925,0.1134673310238314,0.002652590602660432,no_filter,0.5605611106801269,-0.5450963678884903,797,-0.5196229427679329
ExtraTreesClassifier,long_only,0.0,207,874,667,0.5313033516945671,0.5313033516945671,-0.18823708569802478,0.5652173913043478,1.2790203240451228,0.6561359701921123,0.028534012418682142,skip_low_volatility,0.6738676775025816,-0.2487911823440142,453,-0.14256432580801448
ExtraTreesClassifier,long_only,0.5,207,874,667,0.5313033516945671,0.42872987578773425,-0.19938024029735069,0.5652173913043478,1.2359528249337957,0.5642442847000981,0.023836418659205494,skip_low_volatility,0.47562208770955827,-0.25515322187282896,453,-0.04689221192182402
ExtraTreesClassifier,long_only,1.0,207,874,667,0.5313033516945671,0.332994329557577,-0.210373974586881,0.5652173913043478,1.1942986421822293,0.47235699507057183,0.019158619519157538,skip_low_volatility,0.3008051899112214,-0.27820344395995156,453,0.03218913964635561
ExtraTreesClassifier,long_only,0.0,218,897,679,0.09593756115749619,0.09593756115749619,-0.344477025705903,0.5229357798165137,1.0824669612528213,0.2145969890327958,0.006359780319445285,bull_trend_sma50,0.7878870905747557,-0.38838059907572164,472,-0.6919495294172595
ExtraTreesClassifier,long_only,0.5,218,897,679,0.09593756115749619,0.013556788281532173,-0.3621120650009876,0.518348623853211,1.0363089899790303,0.09652828515990328,0.0009322935814257693,bull_trend_sma50,0.5543196804846646,-0.4086552297696072,472,-0.5407628922031325
ExtraTreesClassifier,long_only,1.0,218,897,679,0.09593756115749619,-0.06265845143586457,-0.37927912803347064,0.5091743119266054,0.9920744716755308,-0.021522961623113474,-0.0044679035912517095,bull_trend_sma50,0.3512037122502216,-0.4373414348097253,472,-0.4138621636860862
ExtraTreesClassifier,long_only,0.0,234,893,659,-0.3900545332838189,-0.3900545332838189,-0.4989406013601849,0.47863247863247865,0.8113755427453587,-0.5425126470835224,-0.03217200917104657,positive_momentum_20d,0.3905462870122116,-0.4681780476081956,501,-0.7806008202960305
ExtraTreesClassifier,long_only,0.5,234,893,659,-0.3900545332838189,-0.43913721599957267,-0.5325323959397947,0.47863247863247865,0.7786164012850643,-0.6490279244297757,-0.037527690352812226,positive_momentum_20d,0.19698072095284958,-0.50746595491523,501,-0.6361179369524222
ExtraTreesClassifier,long_only,1.0,234,893,659,-0.3900545332838189,-0.48428612950280014,-0.5681238529358856,0.4700854700854701,0.7471054317041059,-0.7555472409106505,-0.042855692035428494,positive_momentum_20d,0.030309112547190376,-0.5456450659829394,501,-0.5145952420499905
Ensemble_HardVote_5,long_only,0.0,488,2243,1755,0.39939596639091923,0.39939596639091923,-0.40433273408487336,0.5389344262295082,1.1178962350958193,0.28957670146949993,0.022207721627525157,no_filter,1.5603571191380143,-0.4595898312008668,797,-1.160961152747095
Ensemble_HardVote_5,long_only,0.5,488,2243,1755,0.39939596639091923,0.18147956804832965,-0.4488008066448087,0.5307377049180327,1.0745126478658455,0.18661375719819753,0.010960098727625267,no_filter,0.9989815861609024,-0.5013985644955365,797,-0.8175020181125727
Ensemble_HardVote_5,long_only,1.0,488,2243,1755,0.39939596639091923,-0.0025638882945007158,-0.4899641623588471,0.5163934426229508,1.032749522773666,0.08363641545842757,-0.00016778526842198271,no_filter,0.5605611106801269,-0.5450963678884903,797,-0.5631249989746276
Ensemble_HardVote_5,long_only,0.0,253,1044,791,0.475979004862616,0.475979004862616,-0.2563245114782915,0.549407114624506,1.2177974508595375,0.5183626755352254,0.025773877056008088,skip_low_volatility,0.6738676775025816,-0.2487911823440142,453,-0.19788867263996557
Ensemble_HardVote_5,long_only,0.5,253,1044,791,0.475979004862616,0.361072791033463,-0.26698025773200973,0.549407114624506,1.177387756511809,0.4293199906721211,0.020354123949931635,skip_low_volatility,0.47562208770955827,-0.25515322187282896,453,-0.11454929667609526
Ensemble_HardVote_5,long_only,1.0,253,1044,791,0.475979004862616,0.25507723389722203,-0.2774866995847367,0.5454545454545454,1.1382876479650663,0.34027120271902656,0.01496116235528433,skip_low_volatility,0.3008051899112214,-0.27820344395995156,453,-0.04572795601399937
Ensemble_HardVote_5,long_only,0.0,249,1002,753,0.07412405905903285,0.07412405905903285,-0.34723768877500716,0.5100401606425703,1.0649666405891434,0.17070218622514832,0.004684773347799709,bull_trend_sma50,0.7878870905747557,-0.38838059907572164,472,-0.7137630315157228
Ensemble_HardVote_5,long_only,0.5,249,1002,753,0.07412405905903285,-0.015332240205000569,-0.3658282873114975,0.5060240963855421,1.0209786989285452,0.056307019777712776,-0.0010094178446447,bull_trend_sma50,0.5543196804846646,-0.4086552297696072,472,-0.5696519206896652
Ensemble_HardVote_5,long_only,1.0,249,1002,753,0.07412405905903285,-0.09736666835304997,-0.3838961553836474,0.4899598393574297,0.9788129035929442,-0.05808717363273,-0.006673373459449072,bull_trend_sma50,0.3512037122502216,-0.4373414348097253,472,-0.4485703806032716
Ensemble_HardVote_5,long_only,0.0,261,999,738,-0.2959837145338474,-0.2959837145338474,-0.44533343652226853,0.5019157088122606,0.8825407649598418,-0.3390162441984964,-0.02288485729521761,positive_momentum_20d,0.3905462870122116,-0.4681780476081956,501,-0.686530001546059
Ensemble_HardVote_5,long_only,0.5,261,999,738,-0.2959837145338474,-0.3575383316244002,-0.47618506377347436,0.5019157088122606,0.8475328371649142,-0.4484134122971065,-0.028764429404979253,positive_momentum_20d,0.19698072095284958,-0.50746595491523,501,-0.5545190525772498
Ensemble_HardVote_5,long_only,1.0,261,999,738,-0.2959837145338474,-0.4137304670644034,-0.505331566079894,0.4904214559386973,0.8138358625622846,-0.5578203462754078,-0.03461073570066053,positive_momentum_20d,0.030309112547190376,-0.5456450659829394,501,-0.4440395796115938
ARX_Ridge,long_only,0.0,432,1850,1418,0.1177444169858668,0.1177444169858668,-0.38948187038285476,0.5324074074074074,1.0644255255083843,0.16226271369493697,0.0073966206610205365,no_filter,1.5603571191380143,-0.4595898312008668,797,-1.4426127021521475
ARX_Ridge,long_only,0.5,432,1850,1418,0.1177444169858668,-0.04127572207882391,-0.4287807584967569,0.5277777777777778,1.0185292504238461,0.04767583946718395,-0.0027867439615991696,no_filter,0.9989815861609024,-0.5013985644955365,797,-1.0402573082397262
ARX_Ridge,long_only,1.0,432,1850,1418,0.1177444169858668,-0.17771866964744798,-0.4655634656510045,0.5162037037037037,0.9745391964922123,-0.06692074858645947,-0.012870857524147739,no_filter,0.5605611106801269,-0.5450963678884903,797,-0.7382797803275749
ARX_Ridge,long_only,0.0,201,797,596,0.4402502106807231,0.4402502106807231,-0.17270221135873187,0.582089552238806,1.2617194776895961,0.6082213171507255,0.02444653669748842,skip_low_volatility,0.6738676775025816,-0.2487911823440142,453,-0.23361746682185847
ARX_Ridge,long_only,0.5,201,797,596,0.4402502106807231,0.34727405676499834,-0.18196431458155715,0.582089552238806,1.21706094044825,0.5132341475138914,0.019930457284998093,skip_low_volatility,0.47562208770955827,-0.25515322187282896,453,-0.12834803094455993
ARX_Ridge,long_only,1.0,201,797,596,0.4402502106807231,0.2602706927359548,-0.19112567156497173,0.5771144278606966,1.1738725691832184,0.4182219170434718,0.015432721235619118,skip_low_volatility,0.3008051899112214,-0.27820344395995156,453,-0.04053449717526658
ARX_Ridge,long_only,0.0,229,827,598,-0.0837436050585163,-0.0837436050585163,-0.34401931843313815,0.4759825327510917,0.9820001927574777,-0.04730723813481122,-0.006551370819353308,bull_trend_sma50,0.7878870905747557,-0.38838059907572164,472,-0.871630695633272
ARX_Ridge,long_only,0.5,229,827,598,-0.0837436050585163,-0.15473007675949169,-0.3799714993077704,0.4759825327510917,0.9396646537589647,-0.1622358040170104,-0.01255392002870026,bull_trend_sma50,0.5543196804846646,-0.4086552297696072,472,-0.7090497572441563
ARX_Ridge,long_only,1.0,229,827,598,-0.0837436050585163,-0.22023969863838866,-0.41583483205210825,0.47161572052401746,0.8991930145821059,-0.277177082680169,-0.018522356748195357,bull_trend_sma50,0.3512037122502216,-0.4373414348097253,472,-0.5714434108886103
ARX_Ridge,long_only,0.0,249,909,660,-0.2660225322487113,-0.2660225322487113,-0.46524556018534524,0.4979919678714859,0.8868132486746371,-0.3137694221076177,-0.022984799034892922,positive_momentum_20d,0.3905462870122116,-0.4681780476081956,501,-0.6565688192609229
ARX_Ridge,long_only,0.5,249,909,660,-0.2660225322487113,-0.32775642667993543,-0.48651404333052506,0.4939759036144578,0.8495665426103801,-0.4255246019847847,-0.02941729835253737,positive_momentum_20d,0.19698072095284958,-0.50746595491523,501,-0.524737147632785
ARX_Ridge,long_only,1.0,249,909,660,-0.2660225322487113,-0.3843176136234746,-0.512559709004776,0.4899598393574297,0.813804117599526,-0.5372792270831049,-0.03580976089240007,positive_momentum_20d,0.030309112547190376,-0.5456450659829394,501,-0.414626726170665
