model,mode,cost_usd_per_oz,volatility_regime,n_trades,mean_gross_return_per_trade,mean_net_return_per_trade,median_net_return_per_trade,win_rate,profit_factor,net_pnl_usd_per_oz_sum
ARX_Ridge,long_only,0.0,high,71,0.0016212807732349382,0.0016212807732349382,0.0038691370945623,0.5633802816901409,1.1708317119889402,275.0280020000014
ARX_Ridge,long_only,0.0,low,240,-0.0011655074737111923,-0.0011655074737111923,-0.0004948441574257,0.4875,0.8512676195603919,-424.5578129999992
ARX_Ridge,long_only,0.0,medium,121,0.0031562500581489693,0.0031562500581489693,0.0044380426401599,0.6033057851239669,1.4667163790494615,551.4010126500009
ARX_Ridge,long_only,0.25,high,71,0.0016212807732349382,0.0014692322736325144,0.0038135499098987,0.5633802816901409,1.1536840940223734,257.2780020000014
ARX_Ridge,long_only,0.25,low,240,-0.0011655074737111923,-0.001353187580405941,-0.0006893933810859,0.48333333333333334,0.8293912381346936,-484.5578129999992
ARX_Ridge,long_only,0.25,medium,121,0.0031562500581489693,0.002983624202400463,0.0042377670657762,0.6033057851239669,1.4367165217450417,521.1510126500009
ARX_Ridge,long_only,0.5,high,71,0.0016212807732349382,0.001317183774030094,0.0037579627252351,0.5633802816901409,1.1367842304813138,239.52800200000138
ARX_Ridge,long_only,0.5,low,240,-0.0011655074737111923,-0.0015408676871006967,-0.00088394260474605,0.4791666666666667,0.8080664142361236,-544.5578129999992
ARX_Ridge,long_only,0.5,medium,121,0.0031562500581489693,0.0028109983466519488,0.0040374914913924,0.6033057851239669,1.4073189426437434,490.9010126500009
ARX_Ridge,long_only,1.0,high,71,0.0016212807732349382,0.0010130867748252535,0.0036467883559078,0.5633802816901409,1.1037065947499962,204.02800200000138
ARX_Ridge,long_only,1.0,low,240,-0.0011655074737111923,-0.0019162279004902034,-0.00127461814292905,0.4625,0.7670112579352605,-664.5578129999992
ARX_Ridge,long_only,1.0,medium,121,0.0031562500581489693,0.0024657466351549365,0.003636940342625,0.5950413223140496,1.3501578802740526,430.4010126500009
ARX_Ridge,long_short,0.0,high,176,0.000637572796949302,0.000637572796949302,0.00266959831095035,0.5227272727272727,1.057703532072608,363.2793479999939
ARX_Ridge,long_short,0.0,low,366,-0.0015658281969189558,-0.0015658281969189558,-0.00057746894279085,0.47540983606557374,0.8086280398135447,-1394.5515284999965
ARX_Ridge,long_short,0.0,medium,255,-0.0006221440525098579,-0.0006221440525098579,-0.001056357133144,0.4823529411764706,0.9281346476561552,-739.7154146500006
ARX_Ridge,long_short,0.25,high,176,0.000637572796949302,0.0005181705541562762,0.00257468354785805,0.5227272727272727,1.046658357001903,319.2793479999939
ARX_Ridge,long_short,0.25,low,366,-0.0015658281969189558,-0.0017406601466171626,-0.0007493408378558,0.46994535519125685,0.7895467098487945,-1486.0515284999965
ARX_Ridge,long_short,0.25,medium,255,-0.0006221440525098579,-0.0007743817531778496,-0.0011875294786891,0.4823529411764706,0.9113367181436347,-803.4654146500006
ARX_Ridge,long_short,0.5,high,176,0.000637572796949302,0.0003987683113632481,0.0024623849741796,0.5227272727272727,1.0357250374996017,275.2793479999939
ARX_Ridge,long_short,0.5,low,366,-0.0015658281969189558,-0.0019154920963153723,-0.0009229140771094999,0.4644808743169399,0.7709122367680303,-1577.5515284999965
ARX_Ridge,long_short,0.5,medium,255,-0.0006221440525098579,-0.0009266194538458441,-0.0013339668935979,0.4823529411764706,0.8948319441851861,-867.2154146500006
ARX_Ridge,long_short,1.0,high,176,0.000637572796949302,0.00015996382577719318,0.0021469406149911,0.5227272727272727,1.0141872367066236,187.2793479999939
ARX_Ridge,long_short,1.0,low,366,-0.0015658281969189558,-0.002265155995711788,-0.00127850793427985,0.45901639344262296,0.7348678139198097,-1760.5515284999965
ARX_Ridge,long_short,1.0,medium,255,-0.0006221440525098579,-0.0012310948551818262,-0.0017660385800415,0.47058823529411764,0.8627015275009752,-994.7154146500006
AlwaysLong,long_only,0.0,high,176,0.0014205651377935322,0.0014205651377935322,0.0014666803591391001,0.5227272727272727,1.133291079484855,371.4197319999996
AlwaysLong,long_only,0.0,low,366,0.0008658181922143231,0.0008658181922143231,0.00160125541967845,0.5327868852459017,1.1242867352901347,917.6650805000013
AlwaysLong,long_only,0.0,medium,255,0.0023104947707035155,0.0023104947707035155,0.0025200776606312,0.5490196078431373,1.3213144109880077,1345.264865350001
AlwaysLong,long_only,0.25,high,176,0.0014205651377935322,0.0013011628950004976,0.0013410029741120501,0.5227272727272727,1.1214508302764146,327.4197319999996
AlwaysLong,long_only,0.25,low,366,0.0008658181922143231,0.0006909862425161146,0.0014330779367355499,0.5273224043715847,1.0980161309617138,826.1650805000013
AlwaysLong,long_only,0.25,medium,255,0.0023104947707035155,0.0021582570700355267,0.0023816206798326,0.5490196078431373,1.2972461973502347,1281.514865350001
AlwaysLong,long_only,0.5,high,176,0.0014205651377935322,0.001181760652207475,0.0012273108780426999,0.5227272727272727,1.1097334525919542,283.4197319999996
AlwaysLong,long_only,0.5,low,366,0.0008658181922143231,0.0005161542928179088,0.00126490045379265,0.5218579234972678,1.0723468307602952,734.6650805000013
AlwaysLong,long_only,0.5,medium,255,0.0023104947707035155,0.0020060193693675317,0.0022431636990341,0.5490196078431373,1.2736381450192245,1217.764865350001
AlwaysLong,long_only,1.0,high,176,0.0014205651377935322,0.0009429561666214153,0.00106500689459175,0.5227272727272727,1.0866597398185214,195.4197319999996
AlwaysLong,long_only,1.0,low,366,0.0008658181922143231,0.0001664903934214906,0.00092854548790695,0.5163934426229508,1.022791631026825,551.6650805000013
AlwaysLong,long_only,1.0,medium,255,0.0023104947707035155,0.0017015439680315454,0.001966249737437,0.5411764705882353,1.2277073018087743,1090.264865350001
Ensemble_HardVote_5,long_only,0.0,high,95,0.0021679745215432106,0.0021679745215432106,0.0041952029094731,0.5578947368421052,1.2034740079195547,428.17891600000166
Ensemble_HardVote_5,long_only,0.0,low,250,-0.0004514358491853838,-0.0004514358491853838,0.00066639483770185,0.528,0.9406163794032474,-261.64113999999904
Ensemble_HardVote_5,long_only,0.0,medium,143,0.0026789709297455728,0.0026789709297455728,0.0022145634381416,0.5454545454545454,1.340115739771363,533.4113410000025
Ensemble_HardVote_5,long_only,0.25,high,95,0.0021679745215432106,0.0020293455360328953,0.0040611010832744,0.5578947368421052,1.189391996628893,404.42891600000166
Ensemble_HardVote_5,long_only,0.25,low,250,-0.0004514358491853838,-0.0006386272771629513,0.0004784064826218,0.52,0.9169608513337627,-324.14113999999904
Ensemble_HardVote_5,long_only,0.25,medium,143,0.0026789709297455728,0.0025062389387189438,0.0020154141989121,0.5384615384615384,1.3150029596039252,497.6613410000025
Ensemble_HardVote_5,long_only,0.5,high,95,0.0021679745215432106,0.0018907165505225771,0.0039269992570758,0.5578947368421052,1.1754674797783606,380.67891600000166
Ensemble_HardVote_5,long_only,0.5,low,250,-0.0004514358491853838,-0.0008258187051405268,0.00029041812754165,0.516,0.8938633030060765,-386.64113999999904
Ensemble_HardVote_5,long_only,0.5,medium,143,0.0026789709297455728,0.0023335069476923104,0.0018162649596825,0.5384615384615384,1.290336471804093,461.9113410000025
Ensemble_HardVote_5,long_only,1.0,high,95,0.0021679745215432106,0.0016134585795019507,0.0036587956046784,0.5473684210526316,1.1480719370459929,333.17891600000166
Ensemble_HardVote_5,long_only,1.0,low,250,-0.0004514358491853838,-0.0012002015610956636,-6.738298973995e-05,0.496,0.8493169341170744,-511.64113999999904
Ensemble_HardVote_5,long_only,1.0,medium,143,0.0026789709297455728,0.001988042965639045,0.0014179664812233,0.5314685314685315,1.242431271129146,390.4113410000025
Ensemble_HardVote_5,long_short,0.0,high,176,0.00016070682278205133,0.00016070682278205133,0.00025969578449690006,0.5,1.0142375353473336,-158.30667000000517
Ensemble_HardVote_5,long_short,0.0,low,366,-0.002248783168233417,-0.002248783168233417,-0.00214860886997815,0.45081967213114754,0.7361696897062268,-1889.4064924999966
Ensemble_HardVote_5,long_short,0.0,medium,255,-0.0011389224990589037,-0.0011389224990589037,-0.0018131470388451,0.4549019607843137,0.8722532081152609,-969.2218486499983
Ensemble_HardVote_5,long_short,0.25,high,176,0.00016070682278205133,4.130457998902199e-05,0.00016993381587309997,0.5,1.0036402195026182,-202.30667000000517
Ensemble_HardVote_5,long_short,0.25,low,366,-0.002248783168233417,-0.002423615117931627,-0.0023522692131370997,0.4453551912568306,0.7187230156738975,-1980.9064924999966
Ensemble_HardVote_5,long_short,0.25,medium,255,-0.0011389224990589037,-0.001291160199726896,-0.0019917009830988,0.4549019607843137,0.8564886718355881,-1032.9718486499983
Ensemble_HardVote_5,long_short,0.5,high,176,0.00016070682278205133,-7.809766280400468e-05,6.818655829159994e-05,0.5,0.9931528778513781,-246.30667000000517
Ensemble_HardVote_5,long_short,0.5,low,366,-0.002248783168233417,-0.0025984470676298343,-0.00255592955629615,0.4453551912568306,0.7016794164730681,-2072.4064924999966
Ensemble_HardVote_5,long_short,0.5,medium,255,-0.0011389224990589037,-0.001443397900394892,-0.0021991784804006,0.4549019607843137,0.8410070218188282,-1096.7218486499983
Ensemble_HardVote_5,long_short,1.0,high,176,0.00016070682278205133,-0.00031690214839006026,-0.0002003881655593,0.5,0.9725013398832484,-334.30667000000517
Ensemble_HardVote_5,long_short,1.0,low,366,-0.002248783168233417,-0.0029481109670262524,-0.00294164117330725,0.4344262295081967,0.6687189497062869,-2255.4064924999966
Ensemble_HardVote_5,long_short,1.0,medium,255,-0.0011389224990589037,-0.0017478733017308756,-0.0026141334750044,0.4470588235294118,0.8108916162785222,-1224.2218486499983
Ensemble_RankEqual,long_only,0.0,high,47,0.0026840492211320215,0.0026840492211320215,0.0030287361013604,0.5531914893617021,1.2988488571370473,378.2512369999995
Ensemble_RankEqual,long_only,0.0,low,151,-0.0015940804164807753,-0.0015940804164807753,-0.0008444044039134,0.46357615894039733,0.819398596448208,-387.3236369999986
Ensemble_RankEqual,long_only,0.0,medium,86,7.406588697273136e-05,7.406588697273136e-05,0.00043247995652275005,0.5116279069767442,1.0076787838061756,-16.779540999999888
Ensemble_RankEqual,long_only,0.25,high,47,0.0026840492211320215,0.0025239101286909597,0.0028938885159453,0.5531914893617021,1.2787263750593472,366.5012369999995
Ensemble_RankEqual,long_only,0.25,low,151,-0.0015940804164807753,-0.0017806176878882069,-0.0009851384712323,0.46357615894039733,0.8005089793855469,-425.0736369999986
Ensemble_RankEqual,long_only,0.25,medium,86,7.406588697273136e-05,-0.0001091569088488122,0.00022118074293534448,0.5116279069767442,0.9887873743577035,-38.27954099999988
Ensemble_RankEqual,long_only,0.5,high,47,0.0026840492211320215,0.0023637710362499043,0.0027590409305303,0.5531914893617021,1.2589295038368837,354.7512369999995
Ensemble_RankEqual,long_only,0.5,low,151,-0.0015940804164807753,-0.001967154959295642,-0.0011258725385513,0.46357615894039733,0.7820350002686238,-462.8236369999986
Ensemble_RankEqual,long_only,0.5,medium,86,7.406588697273136e-05,-0.0002923797046703613,9.881529348e-06,0.5,0.9702463520441325,-59.77954099999988
Ensemble_RankEqual,long_only,1.0,high,47,0.0026840492211320215,0.002043492851367787,0.0024893457597001,0.5531914893617021,1.2202814842313736,331.2512369999995
Ensemble_RankEqual,long_only,1.0,low,151,-0.0015940804164807753,-0.0023402295021105013,-0.0014073406731891,0.46357615894039733,0.7462802643040194,-538.3236369999986
Ensemble_RankEqual,long_only,1.0,medium,86,7.406588697273136e-05,-0.000658825296313467,-0.00041271689782680003,0.47674418604651164,0.93421674852949,-102.77954099999988
Ensemble_RankEqual,long_short,0.0,high,176,-0.0003673502790611369,-0.0003673502790611369,-0.00122579878535295,0.48295454545454547,0.9681991138880387,333.14908399999763
Ensemble_RankEqual,long_short,0.0,low,366,-0.002492598274839973,-0.002492598274839973,-0.0031270805106344,0.42349726775956287,0.7116885036205426,-1821.0523484999985
Ensemble_RankEqual,long_short,0.0,medium,255,-0.001469259357174215,-0.001469259357174215,-0.0012906376960508,0.4745098039215686,0.8381986452482199,-1154.0225813500006
Ensemble_RankEqual,long_short,0.25,high,176,-0.0003673502790611369,-0.00048675252185416184,-0.00132507676190385,0.48295454545454547,0.9580936837794606,289.14908399999763
Ensemble_RankEqual,long_short,0.25,low,366,-0.002492598274839973,-0.002667430224538183,-0.00326484815796365,0.41530054644808745,0.694983111122552,-1912.5523484999985
Ensemble_RankEqual,long_short,0.25,medium,255,-0.001469259357174215,-0.0016214970578422039,-0.0014948576915017,0.4745098039215686,0.8229561338876212,-1217.7725813500006
Ensemble_RankEqual,long_short,0.5,high,176,-0.0003673502790611369,-0.0006061547646471888,-0.0014243547384548,0.48295454545454547,0.9480984555964065,245.14908399999763
Ensemble_RankEqual,long_short,0.5,low,366,-0.002492598274839973,-0.0028422621742363926,-0.0034262432921743,0.41530054644808745,0.6787036554800875,-2004.0523484999985
Ensemble_RankEqual,long_short,0.5,medium,255,-0.001469259357174215,-0.001773734758510201,-0.001682093472664,0.47058823529411764,0.8079713609555144,-1281.5225813500006
Ensemble_RankEqual,long_short,1.0,high,176,-0.0003673502790611369,-0.000844959250233245,-0.0016229106915566,0.48295454545454547,0.9284314721357857,157.14908399999763
Ensemble_RankEqual,long_short,1.0,low,366,-0.002492598274839973,-0.003191926073632808,-0.00379370470968115,0.40710382513661203,0.6472997241790942,-2187.0523484999985
Ensemble_RankEqual,long_short,1.0,medium,255,-0.001469259357174215,-0.0020782101598461828,-0.0019576325024364,0.4588235294117647,0.7788261010354612,-1409.0225813500006
ExtraTreesClassifier,long_only,0.0,high,79,0.0022242107524967536,0.0022242107524967536,-0.001700505913137,0.4810126582278481,1.198676084665628,368.5260410000035
ExtraTreesClassifier,long_only,0.0,low,237,-0.0004061615871041935,-0.0004061615871041935,0.0008931970405386,0.5316455696202531,0.9485073450731342,-219.3204789999986
ExtraTreesClassifier,long_only,0.0,medium,117,0.0033879263497191316,0.0033879263497191316,0.0022145634381416,0.5726495726495726,1.4617878197027108,601.6484440000002
ExtraTreesClassifier,long_only,0.25,high,79,0.0022242107524967536,0.002078043546496767,-0.0019099247287625,0.4810126582278481,1.1843699511941426,348.7760410000035
ExtraTreesClassifier,long_only,0.25,low,237,-0.0004061615871041935,-0.0005938072940983763,0.0007055600641386,0.5232067510548524,0.9255503422581902,-278.5704789999986
ExtraTreesClassifier,long_only,0.25,medium,117,0.0033879263497191316,0.003208115238135366,0.0020154141989121,0.5555555555555556,1.43254045327042,572.3984440000002
ExtraTreesClassifier,long_only,0.5,high,79,0.0022242107524967536,0.0019318763404967858,-0.002119343544388,0.4810126582278481,1.1702551864913935,329.0260410000035
ExtraTreesClassifier,long_only,0.5,low,237,-0.0004061615871041935,-0.0007814530010925685,0.0005148872453569,0.5189873417721519,0.903113010870379,-337.8204789999986
ExtraTreesClassifier,long_only,0.5,medium,117,0.0033879263497191316,0.0030283041265515985,0.0018162649596825,0.5555555555555556,1.4038169673426129,543.1484440000002
ExtraTreesClassifier,long_only,1.0,high,79,0.0022242107524967536,0.0016395419284968243,-0.0025381811756391,0.46835443037974683,1.1425752362095827,289.5260410000035
ExtraTreesClassifier,long_only,1.0,low,237,-0.0004061615871041935,-0.0011567444150809415,0.0001126378700683,0.5063291139240507,0.8597582365167329,-456.3204789999986
ExtraTreesClassifier,long_only,1.0,medium,117,0.0033879263497191316,0.002668681903384065,0.0014179664812233,0.5555555555555556,1.3482204230148036,484.64844400000015
ExtraTreesClassifier,long_short,0.0,high,176,0.0011301379300439035,0.0011301379300439035,0.00218830255602825,0.5113636363636364,1.104614992024825,602.4083539999963
ExtraTreesClassifier,long_short,0.0,low,366,-0.0020779508422547463,-0.0020779508422547463,-0.00230255577694875,0.4453551912568306,0.7537442073572073,-1737.4152164999969
ExtraTreesClassifier,long_short,0.0,medium,255,-0.0008043682197310583,-0.0008043682197310583,-0.0008771163998864,0.4823529411764706,0.9080531979040573,-801.426908649999
ExtraTreesClassifier,long_short,0.25,high,176,0.0011301379300439035,0.0010107356872508756,0.0020638319786616998,0.5113636363636364,1.093064067069426,558.4083539999963
ExtraTreesClassifier,long_short,0.25,low,366,-0.0020779508422547463,-0.002252782791952957,-0.0025020920990052,0.43989071038251365,0.7359729126165446,-1828.9152164999969
ExtraTreesClassifier,long_short,0.25,medium,255,-0.0008043682197310583,-0.0009566059203990507,-0.0011055416467421,0.4823529411764706,0.8916110271267451,-865.176908649999
ExtraTreesClassifier,long_short,0.5,high,176,0.0011301379300439035,0.0008913334444578473,0.00193936140129515,0.5113636363636364,1.081635468594431,514.4083539999963
ExtraTreesClassifier,long_short,0.5,low,366,-0.0020779508422547463,-0.0024276147416511643,-0.0027016284210617,0.43989071038251365,0.7186192826611727,-1920.4152164999969
ExtraTreesClassifier,long_short,0.5,medium,255,-0.0008043682197310583,-0.0011088436210670474,-0.0013339668935979,0.4823529411764706,0.8754550491603498,-928.926908649999
ExtraTreesClassifier,long_short,1.0,high,176,0.0011301379300439035,0.0006525289588717936,0.001690420246562,0.5113636363636364,1.0591375597746813,426.4083539999963
ExtraTreesClassifier,long_short,1.0,low,366,-0.0020779508422547463,-0.0027772786410475815,-0.00310070106517465,0.42896174863387976,0.6850821216409372,-2103.415216499997
ExtraTreesClassifier,long_short,1.0,medium,255,-0.0008043682197310583,-0.001413319022403029,-0.0017908173873094,0.4745098039215686,0.8439968326444686,-1056.426908649999
LogisticRegression,long_only,0.0,high,98,0.002156816706953162,0.002156816706953162,0.00573607671268115,0.6020408163265306,1.2491946341210403,355.2577440000009
LogisticRegression,long_only,0.0,low,320,-7.899218300755256e-05,-7.899218300755256e-05,-0.000267103388493,0.496875,0.9883792371981722,-128.36060599999723
LogisticRegression,long_only,0.0,medium,176,0.0012367404257506188,0.0012367404257506188,0.0013337995261933,0.5511363636363636,1.1604326711469872,342.95152139999936
LogisticRegression,long_only,0.25,high,98,0.002156816706953162,0.002007812561071394,0.00560676968854415,0.6020408163265306,1.2304093024770197,330.7577440000009
LogisticRegression,long_only,0.25,low,320,-7.899218300755256e-05,-0.00026290815292346985,-0.00043887381141469997,0.490625,0.9618438232249306,-208.36060599999723
LogisticRegression,long_only,0.25,medium,176,0.0012367404257506188,0.0010730838510883084,0.00117835154052045,0.5511363636363636,1.1378916762817395,298.95152139999936
LogisticRegression,long_only,0.5,high,98,0.002156816706953162,0.0018588084151896262,0.0054774626644072,0.6020408163265306,1.2118764810715525,306.2577440000009
LogisticRegression,long_only,0.5,low,320,-7.899218300755256e-05,-0.0004468241228393837,-0.0006106442343363999,0.4875,0.9360217263065655,-288.36060599999723
LogisticRegression,long_only,0.5,medium,176,0.0012367404257506188,0.0009094272764259939,0.0010337329798056,0.5511363636363636,1.1157713322232279,254.95152139999936
LogisticRegression,long_only,1.0,high,98,0.002156816706953162,0.0015608001234260753,0.00521884861613325,0.6020408163265306,1.1755482738139242,257.2577440000009
LogisticRegression,long_only,1.0,low,320,-7.899218300755256e-05,-0.0008146560626712161,-0.0009541850801799,0.4875,0.8864020069395983,-448.36060599999723
LogisticRegression,long_only,1.0,medium,176,0.0012367404257506188,0.000582114127101368,0.0007444958583759499,0.5454545454545454,1.0727335926277668,166.95152139999936
LogisticRegression,long_short,0.0,high,176,0.00018756335011459283,0.00018756335011459283,0.0025485462238058,0.5227272727272727,1.0166366334789478,3.557059999994408
LogisticRegression,long_short,0.0,low,366,-0.0013482655812602315,-0.0013482655812602315,-0.0005911702063057,0.47540983606557374,0.8329977522257916,-1290.490272499997
LogisticRegression,long_short,0.0,medium,255,-0.0004575834040356648,-0.0004575834040356648,-0.0003348064773696,0.49411764705882355,0.9466362527498697,-658.4744726499989
LogisticRegression,long_short,0.25,high,176,0.00018756335011459283,6.816110732156734e-05,0.00240687470650185,0.5227272727272727,1.006016019360664,-40.44294000000559
LogisticRegression,long_short,0.25,low,366,-0.0013482655812602315,-0.0015230975309584386,-0.0007493408378558,0.4672131147540984,0.8134025063780307,-1381.990272499997
LogisticRegression,long_short,0.25,medium,255,-0.0004575834040356648,-0.0006098211047036552,-0.0005022097160545,0.49411764705882355,0.9295029682258151,-722.2244726499989
LogisticRegression,long_short,0.5,high,176,0.00018756335011459283,-5.1241135471462024e-05,0.00224627765493955,0.5227272727272727,0.9954995390854529,-84.44294000000559
LogisticRegression,long_short,0.5,low,366,-0.0013482655812602315,-0.0016979294806566446,-0.0009229140771094999,0.46174863387978143,0.7942702916484543,-1473.490272499997
LogisticRegression,long_short,0.5,medium,255,-0.0004575834040356648,-0.0007620588053716524,-0.0007174924094069,0.49411764705882355,0.9126662138559997,-785.9744726499989
LogisticRegression,long_short,1.0,high,176,0.00018756335011459283,-0.0002900456210575166,0.0019250835518149498,0.5227272727272727,0.9747729134281016,-172.4429400000056
LogisticRegression,long_short,1.0,low,366,-0.0013482655812602315,-0.0020475933800530623,-0.00127850793427985,0.4562841530054645,0.7572695481784578,-1656.490272499997
LogisticRegression,long_short,1.0,medium,255,-0.0004575834040356648,-0.001066534206707634,-0.001183384470267,0.4823529411764706,0.8798783870447406,-913.4744726499989
SVC,long_only,0.0,high,176,0.0014205651377935322,0.0014205651377935322,0.0014666803591391001,0.5227272727272727,1.133291079484855,371.4197319999996
SVC,long_only,0.0,low,366,0.0008658181922143231,0.0008658181922143231,0.00160125541967845,0.5327868852459017,1.1242867352901347,917.6650805000013
SVC,long_only,0.0,medium,255,0.0023104947707035155,0.0023104947707035155,0.0025200776606312,0.5490196078431373,1.3213144109880077,1345.264865350001
SVC,long_only,0.25,high,176,0.0014205651377935322,0.0013011628950004976,0.0013410029741120501,0.5227272727272727,1.1214508302764146,327.4197319999996
SVC,long_only,0.25,low,366,0.0008658181922143231,0.0006909862425161146,0.0014330779367355499,0.5273224043715847,1.0980161309617138,826.1650805000013
SVC,long_only,0.25,medium,255,0.0023104947707035155,0.0021582570700355267,0.0023816206798326,0.5490196078431373,1.2972461973502347,1281.514865350001
SVC,long_only,0.5,high,176,0.0014205651377935322,0.001181760652207475,0.0012273108780426999,0.5227272727272727,1.1097334525919542,283.4197319999996
SVC,long_only,0.5,low,366,0.0008658181922143231,0.0005161542928179088,0.00126490045379265,0.5218579234972678,1.0723468307602952,734.6650805000013
SVC,long_only,0.5,medium,255,0.0023104947707035155,0.0020060193693675317,0.0022431636990341,0.5490196078431373,1.2736381450192245,1217.764865350001
SVC,long_only,1.0,high,176,0.0014205651377935322,0.0009429561666214153,0.00106500689459175,0.5227272727272727,1.0866597398185214,195.4197319999996
SVC,long_only,1.0,low,366,0.0008658181922143231,0.0001664903934214906,0.00092854548790695,0.5163934426229508,1.022791631026825,551.6650805000013
SVC,long_only,1.0,medium,255,0.0023104947707035155,0.0017015439680315454,0.001966249737437,0.5411764705882353,1.2277073018087743,1090.264865350001
SVC,long_short,0.0,high,176,0.0014205651377935322,0.0014205651377935322,0.0014666803591391001,0.5227272727272727,1.133291079484855,371.4197319999996
SVC,long_short,0.0,low,366,0.0008658181922143231,0.0008658181922143231,0.00160125541967845,0.5327868852459017,1.1242867352901347,917.6650805000013
SVC,long_short,0.0,medium,255,0.0023104947707035155,0.0023104947707035155,0.0025200776606312,0.5490196078431373,1.3213144109880077,1345.264865350001
SVC,long_short,0.25,high,176,0.0014205651377935322,0.0013011628950004976,0.0013410029741120501,0.5227272727272727,1.1214508302764146,327.4197319999996
SVC,long_short,0.25,low,366,0.0008658181922143231,0.0006909862425161146,0.0014330779367355499,0.5273224043715847,1.0980161309617138,826.1650805000013
SVC,long_short,0.25,medium,255,0.0023104947707035155,0.0021582570700355267,0.0023816206798326,0.5490196078431373,1.2972461973502347,1281.514865350001
SVC,long_short,0.5,high,176,0.0014205651377935322,0.001181760652207475,0.0012273108780426999,0.5227272727272727,1.1097334525919542,283.4197319999996
SVC,long_short,0.5,low,366,0.0008658181922143231,0.0005161542928179088,0.00126490045379265,0.5218579234972678,1.0723468307602952,734.6650805000013
SVC,long_short,0.5,medium,255,0.0023104947707035155,0.0020060193693675317,0.0022431636990341,0.5490196078431373,1.2736381450192245,1217.764865350001
SVC,long_short,1.0,high,176,0.0014205651377935322,0.0009429561666214153,0.00106500689459175,0.5227272727272727,1.0866597398185214,195.4197319999996
SVC,long_short,1.0,low,366,0.0008658181922143231,0.0001664903934214906,0.00092854548790695,0.5163934426229508,1.022791631026825,551.6650805000013
SVC,long_short,1.0,medium,255,0.0023104947707035155,0.0017015439680315454,0.001966249737437,0.5411764705882353,1.2277073018087743,1090.264865350001
